{"cameraMode":{"drawMode":0,"name":"Shaded","section":"Shading Mode"},"sceneLighting":false,"audioPlay":false,"sceneViewState":{"m_AlwaysRefresh":false,"showFog":true,"showSkybox":false,"showFlares":true,"showImageEffects":true,"showParticleSystems":true,"showVisualEffectGraphs":true,"m_FxEnabled":true},"in2DMode":false,"pivot":{"x":-1.085418701171875,"y":-0.160003662109375,"z":0.4926387369632721},"rotation":{"x":0.09890928864479065,"y":-0.057872675359249118,"z":0.007159398403018713,"w":0.993556797504425},"size":0.9790815114974976,"orthographic":false}