{"cameraMode":{"drawMode":0,"name":"Shaded","section":"Shading Mode"},"sceneLighting":false,"audioPlay":false,"sceneViewState":{"m_AlwaysRefresh":false,"showFog":true,"showSkybox":false,"showFlares":true,"showImageEffects":true,"showParticleSystems":true,"showVisualEffectGraphs":true,"m_FxEnabled":true},"in2DMode":false,"pivot":{"x":0.009139437228441239,"y":0.0004272833466529846,"z":-0.06213602051138878},"rotation":{"x":0.5121870040893555,"y":0.05447162687778473,"z":-0.032049328088760379,"w":0.8567226529121399},"size":0.05086538940668106,"orthographic":false}